a,b,rho,xu,zu,N_front,k_spring,dz_max,dx_max,Cq_min,MR_min,MR_max,stroke_needed,F_shock_max,h_cap_rigid,h_cap_soft,feasible,failed
50.0,20.0,0.5,-40.0,20.0,34.3,12.95,36.8,-1.2,0.55,0.185,0.537,15.0,194.8,32.5,45.0,False,travel 37<50;Cq 0.55;shock min len
50.0,20.0,0.5,-40.0,40.0,34.3,12.97,36.8,-1.2,0.55,0.387,0.536,17.5,226.6,32.5,45.0,False,travel 37<50;Cq 0.55;shock min len
50.0,20.0,0.5,-40.0,60.0,34.3,13.24,36.8,-1.2,0.55,0.437,0.531,18.0,238.6,32.5,45.0,False,travel 37<50;Cq 0.55
50.0,20.0,0.5,-20.0,20.0,34.3,17.6,36.8,-1.2,0.55,0.459,0.522,17.6,309.0,32.5,45.0,False,travel 37<50;Cq 0.55;shock min len
50.0,20.0,0.5,-20.0,40.0,34.3,16.35,36.8,-1.2,0.55,0.478,0.521,18.2,297.1,32.5,45.0,False,travel 37<50;Cq 0.55;shock min len
50.0,20.0,0.5,-20.0,60.0,34.3,15.89,36.8,-1.2,0.55,0.484,0.515,18.3,290.6,32.5,45.0,False,travel 37<50;Cq 0.55
50.0,20.0,0.5,0.0,20.0,34.3,56.89,36.8,-1.2,0.55,0.256,0.356,11.0,624.0,32.5,45.0,False,travel 37<50;Cq 0.55;shock min len
50.0,20.0,0.5,0.0,40.0,34.3,29.14,36.8,-1.2,0.55,0.358,0.492,15.3,444.5,32.5,45.0,False,travel 37<50;Cq 0.55
50.0,20.0,0.5,0.0,60.0,34.3,22.9,36.8,-1.2,0.55,0.404,0.521,16.7,383.5,32.5,45.0,False,travel 37<50;Cq 0.55
50.0,20.0,0.7,-40.0,20.0,34.3,6.94,36.8,-1.2,0.55,0.519,0.733,25.1,174.4,32.5,45.0,False,travel 37<50;Cq 0.55;shock min len
50.0,20.0,0.7,-40.0,40.0,34.3,7.14,36.8,-1.2,0.55,0.659,0.723,25.7,183.4,32.5,45.0,False,travel 37<50;Cq 0.55;shock min len
50.0,20.0,0.7,-40.0,60.0,34.3,7.25,36.8,-1.2,0.55,0.677,0.717,25.8,186.8,32.5,45.0,False,travel 37<50;Cq 0.55
50.0,20.0,0.7,-20.0,20.0,34.3,13.41,36.8,-1.2,0.55,0.521,0.53,19.3,259.3,32.5,45.0,False,travel 37<50;Cq 0.55;shock min len
50.0,20.0,0.7,-20.0,40.0,34.3,10.38,36.8,-1.2,0.55,0.6,0.723,23.7,245.9,32.5,45.0,False,travel 37<50;Cq 0.55;shock min len
50.0,20.0,0.7,-20.0,60.0,34.3,9.39,36.8,-1.2,0.55,0.63,0.737,24.8,232.3,32.5,45.0,False,travel 37<50;Cq 0.55
50.0,20.0,0.7,0.0,20.0,34.3,45.31,36.8,-1.2,0.55,0.287,0.381,12.1,546.1,32.5,45.0,False,travel 37<50;Cq 0.55;shock min len
50.0,20.0,0.7,0.0,40.0,34.3,19.7,36.8,-1.2,0.55,0.435,0.614,18.8,369.5,32.5,45.0,False,travel 37<50;Cq 0.55
50.0,20.0,0.7,0.0,60.0,34.3,14.17,36.8,-1.2,0.55,0.513,0.699,21.8,308.8,32.5,45.0,False,travel 37<50;Cq 0.55
50.0,20.0,0.9,-40.0,20.0,34.3,5.22,36.8,-1.2,0.55,0.795,0.845,30.6,159.6,32.5,45.0,False,travel 37<50;Cq 0.55;shock min len
50.0,20.0,0.9,-40.0,40.0,34.3,4.98,36.8,-1.2,0.55,0.862,0.944,32.6,162.4,32.5,45.0,False,travel 37<50;Cq 0.55;shock min len
50.0,20.0,0.9,-40.0,60.0,34.3,4.87,36.8,-1.2,0.55,0.873,0.931,32.9,160.2,32.5,45.0,False,travel 37<50;Cq 0.55
50.0,20.0,0.9,-20.0,20.0,34.3,12.15,36.8,-1.2,0.55,0.456,0.554,19.0,230.8,32.5,45.0,False,travel 37<50;Cq 0.55;shock min len
50.0,20.0,0.9,-20.0,40.0,34.3,7.97,36.8,-1.2,0.55,0.684,0.835,27.2,216.5,32.5,45.0,False,travel 37<50;Cq 0.55;shock min len
50.0,20.0,0.9,-20.0,60.0,34.3,6.68,36.8,-1.2,0.55,0.747,0.927,30.0,200.7,32.5,45.0,False,travel 37<50;Cq 0.55
50.0,20.0,0.9,0.0,20.0,34.3,39.94,36.8,-1.2,0.55,0.306,0.389,12.6,503.2,32.5,45.0,False,travel 37<50;Cq 0.55
50.0,20.0,0.9,0.0,40.0,34.3,15.51,36.8,-1.2,0.55,0.49,0.688,21.1,327.0,32.5,45.0,False,travel 37<50;Cq 0.55
50.0,20.0,0.9,0.0,60.0,34.3,10.37,36.8,-1.2,0.55,0.6,0.84,25.8,267.3,32.5,45.0,False,travel 37<50;Cq 0.55
50.0,30.0,0.5,-40.0,20.0,34.3,10.51,39.2,-7.6,0.676,0.358,0.578,19.0,199.8,32.5,45.0,False,travel 39<50;Cq 0.68;shock min len
50.0,30.0,0.5,-40.0,40.0,34.3,11.13,39.2,-7.6,0.676,0.453,0.561,19.9,221.0,32.5,45.0,False,travel 39<50;Cq 0.68;shock min len
50.0,30.0,0.5,-40.0,60.0,34.3,11.63,39.2,-7.6,0.676,0.474,0.549,19.9,232.0,32.5,45.0,False,travel 39<50;Cq 0.68
50.0,30.0,0.5,-20.0,20.0,34.3,17.13,39.2,-7.6,0.676,0.441,0.474,17.6,301.5,32.5,45.0,False,travel 39<50;Cq 0.68;shock min len
50.0,30.0,0.5,-20.0,40.0,34.3,15.82,39.2,-7.6,0.676,0.468,0.504,18.7,296.4,32.5,45.0,False,travel 39<50;Cq 0.68;shock min len
50.0,30.0,0.5,-20.0,60.0,34.3,15.29,39.2,-7.6,0.676,0.477,0.506,19.1,291.3,32.5,45.0,False,travel 39<50;Cq 0.68
50.0,30.0,0.5,0.0,20.0,34.3,64.89,39.2,-7.6,0.676,0.232,0.306,10.3,671.5,32.5,45.0,False,travel 39<50;Cq 0.68;shock min len
50.0,30.0,0.5,0.0,40.0,34.3,32.0,39.2,-7.6,0.676,0.331,0.438,14.8,472.6,32.5,45.0,False,travel 39<50;Cq 0.68
50.0,30.0,0.5,0.0,60.0,34.3,24.36,39.2,-7.6,0.676,0.379,0.48,16.6,404.4,32.5,45.0,False,travel 39<50;Cq 0.68
50.0,30.0,0.7,-40.0,20.0,34.3,6.31,39.2,-7.6,0.676,0.698,0.746,27.7,174.8,32.5,45.0,False,travel 39<50;Cq 0.68;shock min len
50.0,30.0,0.7,-40.0,40.0,34.3,6.55,39.2,-7.6,0.676,0.699,0.732,27.6,180.8,32.5,45.0,False,travel 39<50;Cq 0.68;shock min len
50.0,30.0,0.7,-40.0,60.0,34.3,6.68,39.2,-7.6,0.676,0.699,0.725,27.6,184.2,32.5,45.0,False,travel 39<50;Cq 0.68
50.0,30.0,0.7,-20.0,20.0,34.3,13.32,39.2,-7.6,0.676,0.482,0.513,19.2,256.1,32.5,45.0,False,travel 39<50;Cq 0.68;shock min len
50.0,30.0,0.7,-20.0,40.0,34.3,10.45,39.2,-7.6,0.676,0.578,0.657,23.6,246.1,32.5,45.0,False,travel 39<50;Cq 0.68;shock min len
50.0,30.0,0.7,-20.0,60.0,34.3,9.37,39.2,-7.6,0.676,0.612,0.694,25.1,234.9,32.5,45.0,False,travel 39<50;Cq 0.68
50.0,30.0,0.7,0.0,20.0,34.3,52.0,39.2,-7.6,0.676,0.26,0.329,11.4,591.2,32.5,45.0,False,travel 39<50;Cq 0.68
50.0,30.0,0.7,0.0,40.0,34.3,22.13,39.2,-7.6,0.676,0.398,0.534,17.9,395.1,32.5,45.0,False,travel 39<50;Cq 0.68
50.0,30.0,0.7,0.0,60.0,34.3,15.48,39.2,-7.6,0.676,0.476,0.626,21.2,327.9,32.5,45.0,False,travel 39<50;Cq 0.68
50.0,30.0,0.9,-40.0,20.0,34.3,5.0,39.2,-7.6,0.676,0.736,0.838,30.6,152.8,32.5,45.0,False,travel 39<50;Cq 0.68;shock min len
50.0,30.0,0.9,-40.0,40.0,34.3,4.77,39.2,-7.6,0.676,0.835,0.893,33.3,158.9,32.5,45.0,False,travel 39<50;Cq 0.68;shock min len
50.0,30.0,0.9,-40.0,60.0,34.3,4.66,39.2,-7.6,0.676,0.855,0.909,34.1,158.7,32.5,45.0,False,travel 39<50;Cq 0.68
50.0,30.0,0.9,-20.0,20.0,34.3,11.98,39.2,-7.6,0.676,0.446,0.541,19.3,231.4,32.5,45.0,False,travel 39<50;Cq 0.68;shock min len
50.0,30.0,0.9,-20.0,40.0,34.3,8.19,39.2,-7.6,0.676,0.653,0.737,26.6,217.4,32.5,45.0,False,travel 39<50;Cq 0.68
50.0,30.0,0.9,-20.0,60.0,34.3,6.84,39.2,-7.6,0.676,0.716,0.842,29.8,203.7,32.5,45.0,False,travel 39<50;Cq 0.68
50.0,30.0,0.9,0.0,20.0,34.3,45.83,39.2,-7.6,0.676,0.277,0.339,11.9,546.6,32.5,45.0,False,travel 39<50;Cq 0.68
50.0,30.0,0.9,0.0,40.0,34.3,17.63,39.2,-7.6,0.676,0.446,0.592,19.9,351.3,32.5,45.0,False,travel 39<50;Cq 0.68
50.0,30.0,0.9,0.0,60.0,34.3,11.54,39.2,-7.6,0.676,0.551,0.737,24.7,285.1,32.5,45.0,False,travel 39<50;Cq 0.68
50.0,40.0,0.5,-40.0,20.0,34.3,8.93,41.5,-14.0,0.768,0.457,0.609,21.9,195.5,32.5,45.0,False,travel 41<50;Cq 0.77;shock min len
50.0,40.0,0.5,-40.0,40.0,34.3,9.77,41.5,-14.0,0.768,0.488,0.582,21.8,212.8,32.5,45.0,False,travel 41<50;Cq 0.77
50.0,40.0,0.5,-40.0,60.0,34.3,10.36,41.5,-14.0,0.768,0.494,0.565,21.6,223.9,32.5,45.0,False,travel 41<50;Cq 0.77
50.0,40.0,0.5,-20.0,20.0,34.3,16.6,41.5,-14.0,0.768,0.418,0.447,17.6,292.5,32.5,45.0,False,travel 41<50;Cq 0.77;shock min len
50.0,40.0,0.5,-20.0,40.0,34.3,15.3,41.5,-14.0,0.768,0.454,0.482,19.2,293.2,32.5,45.0,False,travel 41<50;Cq 0.77
50.0,40.0,0.5,-20.0,60.0,34.3,14.73,41.5,-14.0,0.768,0.468,0.492,19.7,290.1,32.5,45.0,False,travel 41<50;Cq 0.77
50.0,40.0,0.5,0.0,20.0,34.3,73.64,41.5,-14.0,0.768,0.212,0.268,9.8,723.1,32.5,45.0,False,travel 41<50;Cq 0.77;shock min len
50.0,40.0,0.5,0.0,40.0,34.3,34.96,41.5,-14.0,0.768,0.308,0.395,14.4,501.8,32.5,45.0,False,travel 41<50;Cq 0.77
50.0,40.0,0.5,0.0,60.0,34.3,25.83,41.5,-14.0,0.768,0.358,0.445,16.5,425.5,32.5,45.0,False,travel 41<50;Cq 0.77
50.0,40.0,0.7,-40.0,20.0,34.3,5.82,41.5,-14.0,0.768,0.674,0.754,28.7,167.0,32.5,45.0,False,travel 41<50;Cq 0.77;shock min len
50.0,40.0,0.7,-40.0,40.0,34.3,6.06,41.5,-14.0,0.768,0.686,0.739,28.9,175.3,32.5,45.0,False,travel 41<50;Cq 0.77;shock min len
50.0,40.0,0.7,-40.0,60.0,34.3,6.2,41.5,-14.0,0.768,0.691,0.731,29.0,179.8,32.5,45.0,False,travel 41<50;Cq 0.77
50.0,40.0,0.7,-20.0,20.0,34.3,13.18,41.5,-14.0,0.768,0.438,0.501,19.1,251.3,32.5,45.0,False,travel 41<50;Cq 0.77;shock min len
50.0,40.0,0.7,-20.0,40.0,34.3,10.44,41.5,-14.0,0.768,0.553,0.599,23.5,244.9,32.5,45.0,False,travel 41<50;Cq 0.77
50.0,40.0,0.7,-20.0,60.0,34.3,9.32,41.5,-14.0,0.768,0.592,0.652,25.3,235.9,32.5,45.0,False,travel 41<50;Cq 0.77
50.0,40.0,0.7,0.0,20.0,34.3,59.59,41.5,-14.0,0.768,0.236,0.288,10.8,640.8,32.5,45.0,False,travel 41<50;Cq 0.77
50.0,40.0,0.7,0.0,40.0,34.3,24.69,41.5,-14.0,0.768,0.366,0.472,17.1,422.4,32.5,45.0,False,travel 41<50;Cq 0.77
50.0,40.0,0.7,0.0,60.0,34.3,16.83,41.5,-14.0,0.768,0.443,0.567,20.7,347.6,32.5,45.0,False,travel 41<50;Cq 0.77
50.0,40.0,0.9,-40.0,20.0,34.3,4.78,41.5,-14.0,0.768,0.669,0.832,30.6,146.0,32.5,45.0,False,travel 41<50;Cq 0.77;shock min len
50.0,40.0,0.9,-40.0,40.0,34.3,4.57,41.5,-14.0,0.768,0.799,0.851,33.7,154.0,32.5,45.0,False,travel 41<50;Cq 0.77
50.0,40.0,0.9,-40.0,60.0,34.3,4.46,41.5,-14.0,0.768,0.829,0.868,34.9,155.6,32.5,45.0,False,travel 41<50;Cq 0.77
50.0,40.0,0.9,-20.0,20.0,34.3,11.86,41.5,-14.0,0.768,0.419,0.528,19.3,229.4,32.5,45.0,False,travel 41<50;Cq 0.77
50.0,40.0,0.9,-20.0,40.0,34.3,8.34,41.5,-14.0,0.768,0.617,0.66,26.1,217.5,32.5,45.0,False,travel 41<50;Cq 0.77
50.0,40.0,0.9,-20.0,60.0,34.3,6.96,41.5,-14.0,0.768,0.687,0.769,29.5,205.5,32.5,45.0,False,travel 41<50;Cq 0.77
50.0,40.0,0.9,0.0,20.0,34.3,52.72,41.5,-14.0,0.768,0.251,0.297,11.3,594.9,32.5,45.0,False,travel 41<50;Cq 0.77
50.0,40.0,0.9,0.0,40.0,34.3,19.92,41.5,-14.0,0.768,0.408,0.519,18.9,377.4,32.5,45.0,False,travel 41<50;Cq 0.77
50.0,40.0,0.9,0.0,60.0,34.3,12.76,41.5,-14.0,0.768,0.509,0.657,23.8,303.8,32.5,45.0,False,travel 41<50;Cq 0.77
50.0,50.0,0.5,-40.0,20.0,34.3,7.83,43.8,-20.4,0.834,0.498,0.632,23.9,186.9,32.5,45.0,False,travel 44<50;Cq 0.83;shock min len
50.0,50.0,0.5,-40.0,40.0,34.3,8.71,43.8,-20.4,0.834,0.502,0.6,23.4,203.6,32.5,45.0,False,travel 44<50;Cq 0.83
50.0,50.0,0.5,-40.0,60.0,34.3,9.34,43.8,-20.4,0.834,0.502,0.579,23.1,215.2,32.5,45.0,False,travel 44<50;Cq 0.83
50.0,50.0,0.5,-20.0,20.0,34.3,16.06,43.8,-20.4,0.834,0.391,0.442,17.6,283.1,32.5,45.0,False,travel 44<50;Cq 0.83;shock min len
50.0,50.0,0.5,-20.0,40.0,34.3,14.79,43.8,-20.4,0.834,0.438,0.46,19.5,288.5,32.5,45.0,False,travel 44<50;Cq 0.83
50.0,50.0,0.5,-20.0,60.0,34.3,14.2,43.8,-20.4,0.834,0.456,0.476,20.3,287.5,32.5,45.0,False,travel 44<50;Cq 0.83
50.0,50.0,0.5,0.0,20.0,34.3,83.02,43.8,-20.4,0.834,0.194,0.237,9.4,777.8,32.5,45.0,False,travel 44<50;Cq 0.83
50.0,50.0,0.5,0.0,40.0,34.3,37.99,43.8,-20.4,0.834,0.287,0.359,14.0,531.7,32.5,45.0,False,travel 44<50;Cq 0.83
50.0,50.0,0.5,0.0,60.0,34.3,27.33,43.8,-20.4,0.834,0.339,0.415,16.4,446.8,32.5,45.0,False,travel 44<50;Cq 0.83
50.0,50.0,0.7,-40.0,20.0,34.3,5.42,43.8,-20.4,0.834,0.632,0.761,29.2,158.1,32.5,45.0,False,travel 44<50;Cq 0.83;shock min len
50.0,50.0,0.7,-40.0,40.0,34.3,5.64,43.8,-20.4,0.834,0.665,0.745,29.9,168.7,32.5,45.0,False,travel 44<50;Cq 0.83
50.0,50.0,0.7,-40.0,60.0,34.3,5.79,43.8,-20.4,0.834,0.676,0.736,30.1,174.4,32.5,45.0,False,travel 44<50;Cq 0.83
50.0,50.0,0.7,-20.0,20.0,34.3,12.99,43.8,-20.4,0.834,0.4,0.491,18.9,245.8,32.5,45.0,False,travel 44<50;Cq 0.83;shock min len
50.0,50.0,0.7,-20.0,40.0,34.3,10.39,43.8,-20.4,0.834,0.525,0.55,23.4,242.7,32.5,45.0,False,travel 44<50;Cq 0.83
50.0,50.0,0.7,-20.0,60.0,34.3,9.24,43.8,-20.4,0.834,0.57,0.612,25.5,235.6,32.5,45.0,False,travel 44<50;Cq 0.83
50.0,50.0,0.7,0.0,20.0,34.3,67.93,43.8,-20.4,0.834,0.215,0.255,10.2,693.9,32.5,45.0,False,travel 44<50;Cq 0.83
50.0,50.0,0.7,0.0,40.0,34.3,27.37,43.8,-20.4,0.834,0.338,0.422,16.5,450.8,32.5,45.0,False,travel 44<50;Cq 0.83
50.0,50.0,0.7,0.0,60.0,34.3,18.2,43.8,-20.4,0.834,0.415,0.518,20.2,367.8,32.5,45.0,False,travel 44<50;Cq 0.83
50.0,50.0,0.9,-40.0,20.0,34.3,4.57,43.8,-20.4,0.834,0.611,0.828,30.6,139.5,32.5,45.0,False,travel 44<50;Cq 0.83;shock min len
50.0,50.0,0.9,-40.0,40.0,34.3,4.38,43.8,-20.4,0.834,0.756,0.846,33.9,148.7,32.5,45.0,False,travel 44<50;Cq 0.83
50.0,50.0,0.9,-40.0,60.0,34.3,4.27,43.8,-20.4,0.834,0.797,0.856,35.5,151.8,32.5,45.0,False,travel 44<50;Cq 0.83
50.0,50.0,0.9,-20.0,20.0,34.3,11.72,43.8,-20.4,0.834,0.389,0.517,19.3,226.1,32.5,45.0,False,travel 44<50;Cq 0.83
50.0,50.0,0.9,-20.0,40.0,34.3,8.43,43.8,-20.4,0.834,0.578,0.609,25.7,216.7,32.5,45.0,False,travel 44<50;Cq 0.83
50.0,50.0,0.9,-20.0,60.0,34.3,7.04,43.8,-20.4,0.834,0.654,0.707,29.3,206.5,32.5,45.0,False,travel 44<50;Cq 0.83
50.0,50.0,0.9,0.0,20.0,34.3,60.44,43.8,-20.4,0.834,0.228,0.263,10.7,647.0,32.5,45.0,False,travel 44<50;Cq 0.83
50.0,50.0,0.9,0.0,40.0,34.3,22.36,43.8,-20.4,0.834,0.374,0.461,18.1,405.1,32.5,45.0,False,travel 44<50;Cq 0.83
50.0,50.0,0.9,0.0,60.0,34.3,14.02,43.8,-20.4,0.834,0.473,0.592,23.0,323.1,32.5,45.0,False,travel 44<50;Cq 0.83
50.0,60.0,0.5,-40.0,20.0,34.3,7.01,46.2,-26.9,0.881,0.504,0.651,25.2,177.0,32.5,45.0,False,travel 46<50;shock min len
50.0,60.0,0.5,-40.0,40.0,34.3,7.87,46.2,-26.9,0.881,0.503,0.615,24.7,194.1,32.5,45.0,False,travel 46<50
50.0,60.0,0.5,-40.0,60.0,34.3,8.49,46.2,-26.9,0.881,0.502,0.592,24.3,206.4,32.5,45.0,False,travel 46<50
50.0,60.0,0.5,-20.0,20.0,34.3,15.52,46.2,-26.9,0.881,0.362,0.438,17.6,273.5,32.5,45.0,False,travel 46<50;shock min len
50.0,60.0,0.5,-20.0,40.0,34.3,14.3,46.2,-26.9,0.881,0.421,0.456,19.8,282.9,32.5,45.0,False,travel 46<50
50.0,60.0,0.5,-20.0,60.0,34.3,13.7,46.2,-26.9,0.881,0.443,0.466,20.7,284.0,32.5,45.0,False,travel 46<50
50.0,60.0,0.5,0.0,20.0,34.3,92.94,46.2,-26.9,0.881,0.179,0.213,9.0,834.8,32.5,45.0,False,travel 46<50;F_shock 835
50.0,60.0,0.5,0.0,40.0,34.3,41.08,46.2,-26.9,0.881,0.269,0.33,13.7,562.2,32.5,45.0,False,travel 46<50
50.0,60.0,0.5,0.0,60.0,34.3,28.83,46.2,-26.9,0.881,0.321,0.389,16.2,468.3,32.5,45.0,False,travel 46<50
50.0,60.0,0.7,-40.0,20.0,34.3,5.08,46.2,-26.9,0.881,0.582,0.765,29.5,149.7,32.5,45.0,False,travel 46<50;shock min len
50.0,60.0,0.7,-40.0,40.0,34.3,5.29,46.2,-26.9,0.881,0.638,0.75,30.6,161.8,32.5,45.0,False,travel 46<50
50.0,60.0,0.7,-40.0,60.0,34.3,5.43,46.2,-26.9,0.881,0.656,0.74,31.1,168.7,32.5,45.0,False,travel 46<50
50.0,60.0,0.7,-20.0,20.0,34.3,12.76,46.2,-26.9,0.881,0.367,0.483,18.8,239.9,32.5,45.0,False,travel 46<50
50.0,60.0,0.7,-20.0,40.0,34.3,10.3,46.2,-26.9,0.881,0.496,0.537,23.3,239.6,32.5,45.0,False,travel 46<50
50.0,60.0,0.7,-20.0,60.0,34.3,9.14,46.2,-26.9,0.881,0.547,0.575,25.7,234.5,32.5,45.0,False,travel 46<50
50.0,60.0,0.7,0.0,20.0,34.3,76.92,46.2,-26.9,0.881,0.197,0.228,9.7,749.8,32.5,45.0,False,travel 46<50
50.0,60.0,0.7,0.0,40.0,34.3,30.16,46.2,-26.9,0.881,0.314,0.382,15.9,480.2,32.5,45.0,False,travel 46<50
50.0,60.0,0.7,0.0,60.0,34.3,19.61,46.2,-26.9,0.881,0.389,0.477,19.8,388.3,32.5,45.0,False,travel 46<50
50.0,60.0,0.9,-40.0,20.0,34.3,4.37,46.2,-26.9,0.881,0.561,0.825,30.5,133.4,32.5,45.0,False,travel 46<50
50.0,60.0,0.9,-40.0,40.0,34.3,4.2,46.2,-26.9,0.881,0.707,0.841,34.1,143.4,32.5,45.0,False,travel 46<50
50.0,60.0,0.9,-40.0,60.0,34.3,4.1,46.2,-26.9,0.881,0.762,0.852,36.0,147.6,32.5,45.0,False,travel 46<50
50.0,60.0,0.9,-20.0,20.0,34.3,11.57,46.2,-26.9,0.881,0.36,0.507,19.2,222.1,32.5,45.0,False,travel 46<50
50.0,60.0,0.9,-20.0,40.0,34.3,8.48,46.2,-26.9,0.881,0.539,0.592,25.4,215.2,32.5,45.0,False,travel 46<50
50.0,60.0,0.9,-20.0,60.0,34.3,7.09,46.2,-26.9,0.881,0.621,0.654,29.1,206.6,32.5,45.0,False,travel 46<50
50.0,60.0,0.9,0.0,20.0,34.3,68.86,46.2,-26.9,0.881,0.208,0.236,10.2,702.2,32.5,45.0,False,travel 46<50
50.0,60.0,0.9,0.0,40.0,34.3,24.93,46.2,-26.9,0.881,0.345,0.415,17.4,433.8,32.5,45.0,False,travel 46<50
50.0,60.0,0.9,0.0,60.0,34.3,15.32,46.2,-26.9,0.881,0.441,0.539,22.4,343.0,32.5,45.0,False,travel 46<50
70.0,28.0,0.5,-40.0,20.0,34.3,9.71,51.5,-1.6,0.55,0.371,0.524,25.1,244.1,32.5,45.0,False,Cq 0.55;shock min len
70.0,28.0,0.5,-40.0,40.0,34.3,9.99,51.5,-1.6,0.55,0.47,0.516,25.7,256.8,32.5,45.0,False,Cq 0.55;shock min len
70.0,28.0,0.5,-40.0,60.0,34.3,10.15,51.5,-1.6,0.55,0.484,0.512,25.8,261.5,32.5,45.0,False,Cq 0.55
70.0,28.0,0.5,-20.0,20.0,34.3,18.77,51.5,-1.6,0.55,0.372,0.379,19.3,363.1,32.5,45.0,False,Cq 0.55;shock min len
70.0,28.0,0.5,-20.0,40.0,34.3,14.53,51.5,-1.6,0.55,0.428,0.517,23.7,344.2,32.5,45.0,False,Cq 0.55;shock min len
70.0,28.0,0.5,-20.0,60.0,34.3,13.14,51.5,-1.6,0.55,0.45,0.526,24.8,325.2,32.5,45.0,False,Cq 0.55
70.0,28.0,0.5,0.0,20.0,34.3,63.44,51.5,-1.6,0.55,0.205,0.272,12.1,764.6,32.5,45.0,False,Cq 0.55;shock min len
70.0,28.0,0.5,0.0,40.0,34.3,27.58,51.5,-1.6,0.55,0.311,0.439,18.8,517.3,32.5,45.0,False,Cq 0.55
70.0,28.0,0.5,0.0,60.0,34.3,19.84,51.5,-1.6,0.55,0.366,0.499,21.8,432.3,32.5,45.0,False,Cq 0.55
70.0,28.0,0.7,-40.0,20.0,34.3,6.92,51.5,-1.6,0.55,0.447,0.621,29.9,206.8,32.5,45.0,False,Cq 0.55;shock min len
70.0,28.0,0.7,-40.0,40.0,34.3,6.3,51.5,-1.6,0.55,0.648,0.734,34.7,218.4,32.5,45.0,False,Cq 0.55;shock min len
70.0,28.0,0.7,-40.0,60.0,34.3,6.04,51.5,-1.6,0.55,0.664,0.734,35.4,214.0,32.5,45.0,False,Cq 0.55
70.0,28.0,0.7,-20.0,20.0,34.3,16.71,51.5,-1.6,0.55,0.31,0.399,18.7,313.2,32.5,45.0,False,Cq 0.55;shock min len
70.0,28.0,0.7,-20.0,40.0,34.3,10.37,51.5,-1.6,0.55,0.507,0.612,28.1,290.9,32.5,45.0,False,Cq 0.55;shock min len
70.0,28.0,0.7,-20.0,60.0,34.3,8.44,51.5,-1.6,0.55,0.562,0.707,31.8,268.3,32.5,45.0,False,Cq 0.55
70.0,28.0,0.7,0.0,20.0,34.3,53.96,51.5,-1.6,0.55,0.222,0.279,12.7,687.6,32.5,45.0,False,Cq 0.55
70.0,28.0,0.7,0.0,40.0,34.3,20.23,51.5,-1.6,0.55,0.363,0.506,21.8,440.6,32.5,45.0,False,Cq 0.55
70.0,28.0,0.7,0.0,60.0,34.3,13.2,51.5,-1.6,0.55,0.449,0.633,27.1,357.4,32.5,45.0,False,Cq 0.55
70.0,28.0,0.9,-40.0,20.0,34.3,6.53,51.5,-1.6,0.55,0.252,0.639,26.2,171.2,32.5,45.0,False,Cq 0.55;shock min len
70.0,28.0,0.9,-40.0,40.0,34.3,5.01,51.5,-1.6,0.55,0.725,0.783,38.3,191.9,32.5,45.0,False,Cq 0.55;shock min len
70.0,28.0,0.9,-40.0,60.0,34.3,4.44,51.5,-1.6,0.55,0.775,0.919,42.4,188.0,32.5,45.0,False,Cq 0.55;stroke 42
70.0,28.0,0.9,-20.0,20.0,34.3,16.33,51.5,-1.6,0.55,0.272,0.404,17.9,292.5,32.5,45.0,False,Cq 0.55
70.0,28.0,0.9,-20.0,40.0,34.3,8.71,51.5,-1.6,0.55,0.553,0.623,29.8,259.8,32.5,45.0,False,Cq 0.55
70.0,28.0,0.9,-20.0,60.0,34.3,6.48,51.5,-1.6,0.55,0.641,0.815,36.4,236.0,32.5,45.0,False,Cq 0.55
70.0,28.0,0.9,0.0,20.0,34.3,49.44,51.5,-1.6,0.55,0.232,0.279,13.1,646.0,32.5,45.0,False,Cq 0.55
70.0,28.0,0.9,0.0,40.0,34.3,16.9,51.5,-1.6,0.55,0.397,0.536,23.5,397.4,32.5,45.0,False,Cq 0.55
70.0,28.0,0.9,0.0,60.0,34.3,10.26,51.5,-1.6,0.55,0.51,0.718,30.7,315.2,32.5,45.0,False,Cq 0.55
70.0,42.0,0.5,-40.0,20.0,34.3,8.83,54.8,-10.6,0.676,0.499,0.533,27.7,244.7,32.5,45.0,False,Cq 0.68;shock min len
70.0,42.0,0.5,-40.0,40.0,34.3,9.16,54.8,-10.6,0.676,0.499,0.523,27.6,253.1,32.5,45.0,False,Cq 0.68;shock min len
70.0,42.0,0.5,-40.0,60.0,34.3,9.35,54.8,-10.6,0.676,0.499,0.518,27.6,257.8,32.5,45.0,False,Cq 0.68
70.0,42.0,0.5,-20.0,20.0,34.3,18.65,54.8,-10.6,0.676,0.344,0.366,19.2,358.5,32.5,45.0,False,Cq 0.68;shock min len
70.0,42.0,0.5,-20.0,40.0,34.3,14.62,54.8,-10.6,0.676,0.413,0.469,23.6,344.6,32.5,45.0,False,Cq 0.68;shock min len
70.0,42.0,0.5,-20.0,60.0,34.3,13.12,54.8,-10.6,0.676,0.437,0.496,25.1,328.8,32.5,45.0,False,Cq 0.68
70.0,42.0,0.5,0.0,20.0,34.3,72.8,54.8,-10.6,0.676,0.186,0.235,11.4,827.6,32.5,45.0,False,Cq 0.68;F_shock 828
70.0,42.0,0.5,0.0,40.0,34.3,30.98,54.8,-10.6,0.676,0.284,0.381,17.9,553.2,32.5,45.0,False,Cq 0.68
70.0,42.0,0.5,0.0,60.0,34.3,21.67,54.8,-10.6,0.676,0.34,0.447,21.2,459.1,32.5,45.0,False,Cq 0.68
70.0,42.0,0.7,-40.0,20.0,34.3,6.66,54.8,-10.6,0.676,0.482,0.613,30.4,202.6,32.5,45.0,False,Cq 0.68;shock min len
70.0,42.0,0.7,-40.0,40.0,34.3,6.11,54.8,-10.6,0.676,0.624,0.671,34.9,213.2,32.5,45.0,False,Cq 0.68;shock min len
70.0,42.0,0.7,-40.0,60.0,34.3,5.85,54.8,-10.6,0.676,0.647,0.7,36.2,212.0,32.5,45.0,False,Cq 0.68
70.0,42.0,0.7,-20.0,20.0,34.3,16.38,54.8,-10.6,0.676,0.309,0.391,19.2,314.8,32.5,45.0,False,Cq 0.68;shock min len
70.0,42.0,0.7,-20.0,40.0,34.3,10.7,54.8,-10.6,0.676,0.482,0.539,27.4,292.7,32.5,45.0,False,Cq 0.68
70.0,42.0,0.7,-20.0,60.0,34.3,8.71,54.8,-10.6,0.676,0.536,0.634,31.3,272.6,32.5,45.0,False,Cq 0.68
70.0,42.0,0.7,0.0,20.0,34.3,61.88,54.8,-10.6,0.676,0.201,0.243,12.1,747.5,32.5,45.0,False,Cq 0.68
70.0,42.0,0.7,0.0,40.0,34.3,23.06,54.8,-10.6,0.676,0.33,0.435,20.6,474.1,32.5,45.0,False,Cq 0.68
70.0,42.0,0.7,0.0,60.0,34.3,14.76,54.8,-10.6,0.676,0.412,0.552,25.9,381.8,32.5,45.0,False,Cq 0.68
70.0,42.0,0.9,-40.0,20.0,34.3,6.18,54.8,-10.6,0.676,0.365,0.637,28.6,176.6,32.5,45.0,False,Cq 0.68;shock min len
70.0,42.0,0.9,-40.0,40.0,34.3,4.97,54.8,-10.6,0.676,0.684,0.71,37.9,188.3,32.5,45.0,False,Cq 0.68
70.0,42.0,0.9,-40.0,60.0,34.3,4.42,54.8,-10.6,0.676,0.746,0.827,42.1,186.2,32.5,45.0,False,Cq 0.68;stroke 42
70.0,42.0,0.9,-20.0,20.0,34.3,15.68,54.8,-10.6,0.676,0.284,0.4,18.8,294.8,32.5,45.0,False,Cq 0.68
70.0,42.0,0.9,-20.0,40.0,34.3,9.04,54.8,-10.6,0.676,0.522,0.554,29.1,263.2,32.5,45.0,False,Cq 0.68
70.0,42.0,0.9,-20.0,60.0,34.3,6.81,54.8,-10.6,0.676,0.607,0.715,35.3,240.7,32.5,45.0,False,Cq 0.68
70.0,42.0,0.9,0.0,20.0,34.3,56.52,54.8,-10.6,0.676,0.211,0.246,12.4,703.6,32.5,45.0,False,Cq 0.68
70.0,42.0,0.9,0.0,40.0,34.3,19.37,54.8,-10.6,0.676,0.36,0.462,22.2,429.5,32.5,45.0,False,Cq 0.68
70.0,42.0,0.9,0.0,60.0,34.3,11.63,54.8,-10.6,0.676,0.464,0.619,29.1,338.1,32.5,45.0,False,Cq 0.68
70.0,56.0,0.5,-40.0,20.0,34.3,8.14,58.1,-19.6,0.768,0.482,0.539,28.7,233.8,32.5,45.0,False,Cq 0.77;shock min len
70.0,56.0,0.5,-40.0,40.0,34.3,8.48,58.1,-19.6,0.768,0.49,0.528,28.9,245.4,32.5,45.0,False,Cq 0.77;shock min len
70.0,56.0,0.5,-40.0,60.0,34.3,8.68,58.1,-19.6,0.768,0.493,0.522,29.0,251.7,32.5,45.0,False,Cq 0.77
70.0,56.0,0.5,-20.0,20.0,34.3,18.45,58.1,-19.6,0.768,0.313,0.358,19.1,351.9,32.5,45.0,False,Cq 0.77;shock min len
70.0,56.0,0.5,-20.0,40.0,34.3,14.62,58.1,-19.6,0.768,0.395,0.428,23.5,342.9,32.5,45.0,False,Cq 0.77
70.0,56.0,0.5,-20.0,60.0,34.3,13.05,58.1,-19.6,0.768,0.423,0.465,25.3,330.2,32.5,45.0,False,Cq 0.77
70.0,56.0,0.5,0.0,20.0,34.3,83.43,58.1,-19.6,0.768,0.168,0.206,10.8,897.1,32.5,45.0,False,Cq 0.77;F_shock 897
70.0,56.0,0.5,0.0,40.0,34.3,34.57,58.1,-19.6,0.768,0.262,0.337,17.1,591.3,32.5,45.0,False,Cq 0.77
70.0,56.0,0.5,0.0,60.0,34.3,23.56,58.1,-19.6,0.768,0.317,0.405,20.7,486.6,32.5,45.0,False,Cq 0.77
70.0,56.0,0.7,-40.0,20.0,34.3,6.4,58.1,-19.6,0.768,0.455,0.608,30.6,195.4,32.5,45.0,False,Cq 0.77;shock min len
70.0,56.0,0.7,-40.0,40.0,34.3,5.91,58.1,-19.6,0.768,0.593,0.632,35.0,206.8,32.5,45.0,False,Cq 0.77
70.0,56.0,0.7,-40.0,60.0,34.3,5.66,58.1,-19.6,0.768,0.624,0.658,36.8,208.2,32.5,45.0,False,Cq 0.77
70.0,56.0,0.7,-20.0,20.0,34.3,16.18,58.1,-19.6,0.768,0.294,0.382,19.3,312.9,32.5,45.0,False,Cq 0.77
70.0,56.0,0.7,-20.0,40.0,34.3,10.94,58.1,-19.6,0.768,0.454,0.481,26.8,293.3,32.5,45.0,False,Cq 0.77
70.0,56.0,0.7,-20.0,60.0,34.3,8.92,58.1,-19.6,0.768,0.513,0.575,30.9,275.5,32.5,45.0,False,Cq 0.77
70.0,56.0,0.7,0.0,20.0,34.3,71.23,58.1,-19.6,0.768,0.182,0.214,11.4,814.5,32.5,45.0,False,Cq 0.77;F_shock 814
70.0,56.0,0.7,0.0,40.0,34.3,26.15,58.1,-19.6,0.768,0.301,0.38,19.5,510.3,32.5,45.0,False,Cq 0.77
70.0,56.0,0.7,0.0,60.0,34.3,16.41,58.1,-19.6,0.768,0.38,0.49,24.8,407.6,32.5,45.0,False,Cq 0.77
70.0,56.0,0.9,-40.0,20.0,34.3,5.92,58.1,-19.6,0.768,0.385,0.632,29.6,175.0,32.5,45.0,False,Cq 0.77
70.0,56.0,0.9,-40.0,40.0,34.3,4.9,58.1,-19.6,0.768,0.631,0.695,37.6,184.0,32.5,45.0,False,Cq 0.77
70.0,56.0,0.9,-40.0,60.0,34.3,4.39,58.1,-19.6,0.768,0.709,0.75,41.8,183.5,32.5,45.0,False,Cq 0.77;stroke 42
70.0,56.0,0.9,-20.0,20.0,34.3,15.32,58.1,-19.6,0.768,0.278,0.393,19.2,294.1,32.5,45.0,False,Cq 0.77
70.0,56.0,0.9,-20.0,40.0,34.3,9.33,58.1,-19.6,0.768,0.485,0.503,28.5,265.5,32.5,45.0,False,Cq 0.77
70.0,56.0,0.9,-20.0,60.0,34.3,7.09,58.1,-19.6,0.768,0.574,0.638,34.5,244.5,32.5,45.0,False,Cq 0.77
70.0,56.0,0.9,0.0,20.0,34.3,65.12,58.1,-19.6,0.768,0.191,0.218,11.8,768.9,32.5,45.0,False,Cq 0.77
70.0,56.0,0.9,0.0,40.0,34.3,22.15,58.1,-19.6,0.768,0.327,0.404,21.0,464.6,32.5,45.0,False,Cq 0.77
70.0,56.0,0.9,0.0,60.0,34.3,13.1,58.1,-19.6,0.768,0.425,0.543,27.7,362.8,32.5,45.0,False,Cq 0.77
70.0,70.0,0.5,-40.0,20.0,34.3,7.58,61.4,-28.6,0.834,0.451,0.543,29.2,221.4,32.5,45.0,False,Cq 0.83;shock min len
70.0,70.0,0.5,-40.0,40.0,34.3,7.9,61.4,-28.6,0.834,0.475,0.532,29.9,236.2,32.5,45.0,False,Cq 0.83
70.0,70.0,0.5,-40.0,60.0,34.3,8.1,61.4,-28.6,0.834,0.483,0.526,30.1,244.2,32.5,45.0,False,Cq 0.83
70.0,70.0,0.5,-20.0,20.0,34.3,18.18,61.4,-28.6,0.834,0.286,0.351,18.9,344.1,32.5,45.0,False,Cq 0.83;shock min len
70.0,70.0,0.5,-20.0,40.0,34.3,14.55,61.4,-28.6,0.834,0.375,0.393,23.4,339.7,32.5,45.0,False,Cq 0.83
70.0,70.0,0.5,-20.0,60.0,34.3,12.94,61.4,-28.6,0.834,0.407,0.437,25.5,329.9,32.5,45.0,False,Cq 0.83
70.0,70.0,0.5,0.0,20.0,34.3,95.11,61.4,-28.6,0.834,0.153,0.182,10.2,971.5,32.5,45.0,False,Cq 0.83;F_shock 971
70.0,70.0,0.5,0.0,40.0,34.3,38.32,61.4,-28.6,0.834,0.242,0.302,16.5,631.1,32.5,45.0,False,Cq 0.83
70.0,70.0,0.5,0.0,60.0,34.3,25.49,61.4,-28.6,0.834,0.296,0.37,20.2,514.9,32.5,45.0,False,Cq 0.83
70.0,70.0,0.7,-40.0,20.0,34.3,6.14,61.4,-28.6,0.834,0.422,0.604,30.6,187.9,32.5,45.0,False,Cq 0.83;shock min len
70.0,70.0,0.7,-40.0,40.0,34.3,5.71,61.4,-28.6,0.834,0.556,0.626,35.0,200.0,32.5,45.0,False,Cq 0.83
70.0,70.0,0.7,-40.0,60.0,34.3,5.46,61.4,-28.6,0.834,0.597,0.64,37.2,203.4,32.5,45.0,False,Cq 0.83
70.0,70.0,0.7,-20.0,20.0,34.3,15.99,61.4,-28.6,0.834,0.274,0.374,19.3,309.1,32.5,45.0,False,Cq 0.83
70.0,70.0,0.7,-20.0,40.0,34.3,11.12,61.4,-28.6,0.834,0.424,0.449,26.3,292.8,32.5,45.0,False,Cq 0.83
70.0,70.0,0.7,-20.0,60.0,34.3,9.08,61.4,-28.6,0.834,0.487,0.526,30.5,277.2,32.5,45.0,False,Cq 0.83
70.0,70.0,0.7,0.0,20.0,34.3,81.77,61.4,-28.6,0.834,0.165,0.19,10.8,887.1,32.5,45.0,False,Cq 0.83;F_shock 887
70.0,70.0,0.7,0.0,40.0,34.3,29.46,61.4,-28.6,0.834,0.276,0.337,18.6,548.6,32.5,45.0,False,Cq 0.83
70.0,70.0,0.7,0.0,60.0,34.3,18.12,61.4,-28.6,0.834,0.351,0.44,24.0,434.4,32.5,45.0,False,Cq 0.83
70.0,70.0,0.9,-40.0,20.0,34.3,5.69,61.4,-28.6,0.834,0.377,0.627,30.0,170.9,32.5,45.0,False,Cq 0.83
70.0,70.0,0.9,-40.0,40.0,34.3,4.81,61.4,-28.6,0.834,0.574,0.682,37.3,179.3,32.5,45.0,False,Cq 0.83
70.0,70.0,0.9,-40.0,60.0,34.3,4.33,61.4,-28.6,0.834,0.668,0.719,41.6,180.2,32.5,45.0,False,Cq 0.83;stroke 42
70.0,70.0,0.9,-20.0,20.0,34.3,15.09,61.4,-28.6,0.834,0.264,0.385,19.3,291.6,32.5,45.0,False,Cq 0.83
70.0,70.0,0.9,-20.0,40.0,34.3,9.56,61.4,-28.6,0.834,0.447,0.484,27.9,266.7,32.5,45.0,False,Cq 0.83
70.0,70.0,0.9,-20.0,60.0,34.3,7.33,61.4,-28.6,0.834,0.54,0.576,33.8,247.4,32.5,45.0,False,Cq 0.83
70.0,70.0,0.9,0.0,20.0,34.3,74.99,61.4,-28.6,0.834,0.173,0.194,11.2,840.2,32.5,45.0,False,Cq 0.83;F_shock 840
70.0,70.0,0.9,0.0,40.0,34.3,25.17,61.4,-28.6,0.834,0.298,0.357,19.9,502.1,32.5,45.0,False,Cq 0.83
70.0,70.0,0.9,0.0,60.0,34.3,14.66,61.4,-28.6,0.834,0.391,0.484,26.5,388.8,32.5,45.0,False,Cq 0.83
70.0,84.0,0.5,-40.0,20.0,34.3,7.11,64.6,-37.6,0.881,0.415,0.547,29.5,209.5,32.5,45.0,False,shock min len
70.0,84.0,0.5,-40.0,40.0,34.3,7.41,64.6,-37.6,0.881,0.456,0.536,30.6,226.6,32.5,45.0,True,
70.0,84.0,0.5,-40.0,60.0,34.3,7.6,64.6,-37.6,0.881,0.469,0.529,31.1,236.2,32.5,45.0,True,
70.0,84.0,0.5,-20.0,20.0,34.3,17.86,64.6,-37.6,0.881,0.262,0.345,18.8,335.8,32.5,45.0,True,
70.0,84.0,0.5,-20.0,40.0,34.3,14.42,64.6,-37.6,0.881,0.354,0.384,23.3,335.5,32.5,45.0,True,
70.0,84.0,0.5,-20.0,60.0,34.3,12.8,64.6,-37.6,0.881,0.391,0.411,25.7,328.4,32.5,45.0,True,
70.0,84.0,0.5,0.0,20.0,34.3,107.69,64.6,-37.6,0.881,0.14,0.163,9.7,1049.7,32.5,45.0,False,MR range;F_shock 1050
70.0,84.0,0.5,0.0,40.0,34.3,42.22,64.6,-37.6,0.881,0.224,0.273,15.9,672.3,32.5,45.0,True,
70.0,84.0,0.5,0.0,60.0,34.3,27.45,64.6,-37.6,0.881,0.278,0.341,19.8,543.6,32.5,45.0,True,
70.0,84.0,0.7,-40.0,20.0,34.3,5.9,64.6,-37.6,0.881,0.391,0.6,30.6,180.4,32.5,45.0,True,
70.0,84.0,0.7,-40.0,40.0,34.3,5.51,64.6,-37.6,0.881,0.515,0.621,35.1,193.2,32.5,45.0,True,
70.0,84.0,0.7,-40.0,60.0,34.3,5.28,64.6,-37.6,0.881,0.568,0.635,37.5,198.1,32.5,45.0,True,
70.0,84.0,0.7,-20.0,20.0,34.3,15.79,64.6,-37.6,0.881,0.255,0.367,19.3,304.1,32.5,45.0,True,
70.0,84.0,0.7,-20.0,40.0,34.3,11.22,64.6,-37.6,0.881,0.393,0.435,26.0,291.4,32.5,45.0,True,
70.0,84.0,0.7,-20.0,60.0,34.3,9.19,64.6,-37.6,0.881,0.461,0.484,30.3,278.0,32.5,45.0,True,
70.0,84.0,0.7,0.0,20.0,34.3,93.33,64.6,-37.6,0.881,0.151,0.17,10.3,963.9,32.5,45.0,False,F_shock 964
70.0,84.0,0.7,0.0,40.0,34.3,32.96,64.6,-37.6,0.881,0.254,0.303,17.9,588.6,32.5,45.0,True,
70.0,84.0,0.7,0.0,60.0,34.3,19.89,64.6,-37.6,0.881,0.327,0.399,23.2,462.0,32.5,45.0,True,
70.0,84.0,0.9,-40.0,20.0,34.3,5.48,64.6,-37.6,0.881,0.36,0.622,30.3,166.0,32.5,45.0,True,
70.0,84.0,0.9,-40.0,40.0,34.3,4.71,64.6,-37.6,0.881,0.526,0.672,37.1,174.4,32.5,45.0,True,
70.0,84.0,0.9,-40.0,60.0,34.3,4.25,64.6,-37.6,0.881,0.625,0.707,41.5,176.5,32.5,45.0,False,stroke 41
70.0,84.0,0.9,-20.0,20.0,34.3,14.89,64.6,-37.6,0.881,0.248,0.378,19.3,288.0,32.5,45.0,True,
70.0,84.0,0.9,-20.0,40.0,34.3,9.74,64.6,-37.6,0.881,0.409,0.467,27.4,266.9,32.5,45.0,True,
70.0,84.0,0.9,-20.0,60.0,34.3,7.52,64.6,-37.6,0.881,0.506,0.531,33.2,249.5,32.5,45.0,True,
70.0,84.0,0.9,0.0,20.0,34.3,85.95,64.6,-37.6,0.881,0.157,0.173,10.7,916.2,32.5,45.0,False,F_shock 916
70.0,84.0,0.9,0.0,40.0,34.3,28.41,64.6,-37.6,0.881,0.273,0.32,19.1,541.4,32.5,45.0,True,
70.0,84.0,0.9,0.0,60.0,34.3,16.29,64.6,-37.6,0.881,0.361,0.436,25.5,415.8,32.5,45.0,True,
90.0,36.0,0.5,-40.0,20.0,34.3,9.4,66.3,-2.1,0.55,0.442,0.47,30.6,287.2,32.5,45.0,False,Cq 0.55;shock min len
90.0,36.0,0.5,-40.0,40.0,34.3,8.96,66.3,-2.1,0.55,0.479,0.525,32.6,292.3,32.5,45.0,False,Cq 0.55;shock min len
90.0,36.0,0.5,-40.0,60.0,34.3,8.77,66.3,-2.1,0.55,0.485,0.517,32.9,288.4,32.5,45.0,False,Cq 0.55
90.0,36.0,0.5,-20.0,20.0,34.3,21.88,66.3,-2.1,0.55,0.253,0.308,19.0,415.5,32.5,45.0,False,Cq 0.55;shock min len
90.0,36.0,0.5,-20.0,40.0,34.3,14.35,66.3,-2.1,0.55,0.38,0.464,27.2,389.7,32.5,45.0,False,Cq 0.55;shock min len
90.0,36.0,0.5,-20.0,60.0,34.3,12.03,66.3,-2.1,0.55,0.415,0.515,30.0,361.2,32.5,45.0,False,Cq 0.55
90.0,36.0,0.5,0.0,20.0,34.3,71.89,66.3,-2.1,0.55,0.17,0.216,12.6,905.8,32.5,45.0,False,Cq 0.55;F_shock 906
90.0,36.0,0.5,0.0,40.0,34.3,27.92,66.3,-2.1,0.55,0.272,0.382,21.1,588.6,32.5,45.0,False,Cq 0.55
90.0,36.0,0.5,0.0,60.0,34.3,18.67,66.3,-2.1,0.55,0.333,0.467,25.8,481.1,32.5,45.0,False,Cq 0.55
90.0,36.0,0.7,-40.0,20.0,34.3,8.39,66.3,-2.1,0.55,0.196,0.497,26.2,220.1,32.5,45.0,False,Cq 0.55;shock min len
90.0,36.0,0.7,-40.0,40.0,34.3,6.45,66.3,-2.1,0.55,0.564,0.609,38.3,246.8,32.5,45.0,False,Cq 0.55;shock min len
90.0,36.0,0.7,-40.0,60.0,34.3,5.7,66.3,-2.1,0.55,0.603,0.715,42.4,241.7,32.5,45.0,False,Cq 0.55;stroke 42
90.0,36.0,0.7,-20.0,20.0,34.3,21.0,66.3,-2.1,0.55,0.211,0.314,17.9,376.1,32.5,45.0,False,Cq 0.55
90.0,36.0,0.7,-20.0,40.0,34.3,11.2,66.3,-2.1,0.55,0.43,0.485,29.8,334.0,32.5,45.0,False,Cq 0.55
90.0,36.0,0.7,-20.0,60.0,34.3,8.33,66.3,-2.1,0.55,0.499,0.634,36.4,303.4,32.5,45.0,False,Cq 0.55
90.0,36.0,0.7,0.0,20.0,34.3,63.57,66.3,-2.1,0.55,0.181,0.217,13.1,830.6,32.5,45.0,False,Cq 0.55;F_shock 831
90.0,36.0,0.7,0.0,40.0,34.3,21.73,66.3,-2.1,0.55,0.309,0.417,23.5,511.0,32.5,45.0,False,Cq 0.55
90.0,36.0,0.7,0.0,60.0,34.3,13.19,66.3,-2.1,0.55,0.396,0.558,30.7,405.2,32.5,45.0,False,Cq 0.55
90.0,36.0,0.9,-40.0,20.0,34.3,8.74,66.3,-2.1,0.55,0.142,0.487,23.1,201.4,32.5,45.0,False,Cq 0.55;MR range
90.0,36.0,0.9,-40.0,40.0,34.3,5.65,66.3,-2.1,0.55,0.54,0.606,38.5,217.3,32.5,45.0,False,Cq 0.55
90.0,36.0,0.9,-40.0,60.0,34.3,4.53,66.3,-2.1,0.55,0.677,0.781,47.1,213.3,32.5,45.0,False,Cq 0.55;stroke 47
90.0,36.0,0.9,-20.0,20.0,34.3,21.1,66.3,-2.1,0.55,0.191,0.313,17.1,361.4,32.5,45.0,False,Cq 0.55
90.0,36.0,0.9,-20.0,40.0,34.3,9.95,66.3,-2.1,0.55,0.455,0.469,30.5,303.7,32.5,45.0,False,Cq 0.55
90.0,36.0,0.9,-20.0,60.0,34.3,6.78,66.3,-2.1,0.55,0.553,0.678,39.8,270.1,32.5,45.0,False,Cq 0.55
90.0,36.0,0.9,0.0,20.0,34.3,59.53,66.3,-2.1,0.55,0.187,0.216,13.3,790.5,32.5,45.0,False,Cq 0.55
90.0,36.0,0.9,0.0,40.0,34.3,18.87,66.3,-2.1,0.55,0.331,0.429,24.8,467.8,32.5,45.0,False,Cq 0.55
90.0,36.0,0.9,0.0,60.0,34.3,10.73,66.3,-2.1,0.55,0.439,0.606,33.8,362.3,32.5,45.0,False,Cq 0.55
90.0,54.0,0.5,-40.0,20.0,34.3,8.99,70.5,-13.7,0.676,0.409,0.465,30.6,275.1,32.5,45.0,False,Cq 0.68;shock min len
90.0,54.0,0.5,-40.0,40.0,34.3,8.59,70.5,-13.7,0.676,0.464,0.496,33.3,286.0,32.5,45.0,False,Cq 0.68;shock min len
90.0,54.0,0.5,-40.0,60.0,34.3,8.39,70.5,-13.7,0.676,0.475,0.505,34.1,285.6,32.5,45.0,False,Cq 0.68
90.0,54.0,0.5,-20.0,20.0,34.3,21.57,70.5,-13.7,0.676,0.248,0.301,19.3,416.4,32.5,45.0,False,Cq 0.68;shock min len
90.0,54.0,0.5,-20.0,40.0,34.3,14.74,70.5,-13.7,0.676,0.363,0.409,26.6,391.4,32.5,45.0,False,Cq 0.68
90.0,54.0,0.5,-20.0,60.0,34.3,12.32,70.5,-13.7,0.676,0.398,0.468,29.8,366.6,32.5,45.0,False,Cq 0.68
90.0,54.0,0.5,0.0,20.0,34.3,82.5,70.5,-13.7,0.676,0.154,0.188,11.9,983.8,32.5,45.0,False,Cq 0.68;F_shock 984
90.0,54.0,0.5,0.0,40.0,34.3,31.73,70.5,-13.7,0.676,0.248,0.329,19.9,632.3,32.5,45.0,False,Cq 0.68
90.0,54.0,0.5,0.0,60.0,34.3,20.77,70.5,-13.7,0.676,0.306,0.41,24.7,513.1,32.5,45.0,False,Cq 0.68
90.0,54.0,0.7,-40.0,20.0,34.3,7.95,70.5,-13.7,0.676,0.284,0.495,28.6,227.1,32.5,45.0,False,Cq 0.68;shock min len
90.0,54.0,0.7,-40.0,40.0,34.3,6.39,70.5,-13.7,0.676,0.532,0.552,37.9,242.1,32.5,45.0,False,Cq 0.68
90.0,54.0,0.7,-40.0,60.0,34.3,5.69,70.5,-13.7,0.676,0.58,0.643,42.1,239.4,32.5,45.0,False,Cq 0.68;stroke 42
90.0,54.0,0.7,-20.0,20.0,34.3,20.15,70.5,-13.7,0.676,0.221,0.311,18.8,379.0,32.5,45.0,False,Cq 0.68
90.0,54.0,0.7,-20.0,40.0,34.3,11.62,70.5,-13.7,0.676,0.406,0.431,29.1,338.4,32.5,45.0,False,Cq 0.68
90.0,54.0,0.7,-20.0,60.0,34.3,8.76,70.5,-13.7,0.676,0.472,0.556,35.3,309.5,32.5,45.0,False,Cq 0.68
90.0,54.0,0.7,0.0,20.0,34.3,72.67,70.5,-13.7,0.676,0.164,0.192,12.4,904.6,32.5,45.0,False,Cq 0.68;F_shock 905
90.0,54.0,0.7,0.0,40.0,34.3,24.91,70.5,-13.7,0.676,0.28,0.359,22.2,552.2,32.5,45.0,False,Cq 0.68
90.0,54.0,0.7,0.0,60.0,34.3,14.95,70.5,-13.7,0.676,0.361,0.481,29.1,434.8,32.5,45.0,False,Cq 0.68
90.0,54.0,0.9,-40.0,20.0,34.3,7.94,70.5,-13.7,0.676,0.229,0.496,26.4,209.4,32.5,45.0,False,Cq 0.68
90.0,54.0,0.9,-40.0,40.0,34.3,5.6,70.5,-13.7,0.676,0.514,0.59,38.7,216.6,32.5,45.0,False,Cq 0.68
90.0,54.0,0.9,-40.0,60.0,34.3,4.59,70.5,-13.7,0.676,0.643,0.691,46.2,212.4,32.5,45.0,False,Cq 0.68;stroke 46
90.0,54.0,0.9,-20.0,20.0,34.3,19.8,70.5,-13.7,0.676,0.206,0.314,18.3,362.8,32.5,45.0,False,Cq 0.68
90.0,54.0,0.9,-20.0,40.0,34.3,10.29,70.5,-13.7,0.676,0.425,0.435,30.1,309.6,32.5,45.0,False,Cq 0.68
90.0,54.0,0.9,-20.0,60.0,34.3,7.2,70.5,-13.7,0.676,0.52,0.594,38.5,277.0,32.5,45.0,False,Cq 0.68
90.0,54.0,0.9,0.0,20.0,34.3,67.76,70.5,-13.7,0.676,0.17,0.193,12.7,861.5,32.5,45.0,False,Cq 0.68;F_shock 861
90.0,54.0,0.9,0.0,40.0,34.3,21.67,70.5,-13.7,0.676,0.3,0.373,23.4,507.5,32.5,45.0,False,Cq 0.68
90.0,54.0,0.9,0.0,60.0,34.3,12.27,70.5,-13.7,0.676,0.399,0.521,31.8,390.4,32.5,45.0,False,Cq 0.68
90.0,72.0,0.5,-40.0,20.0,34.3,8.6,74.7,-25.2,0.768,0.372,0.462,30.6,262.8,32.5,45.0,False,Cq 0.77;shock min len
90.0,72.0,0.5,-40.0,40.0,34.3,8.23,74.7,-25.2,0.768,0.444,0.473,33.7,277.3,32.5,45.0,False,Cq 0.77
90.0,72.0,0.5,-40.0,60.0,34.3,8.03,74.7,-25.2,0.768,0.461,0.482,34.9,280.2,32.5,45.0,False,Cq 0.77
90.0,72.0,0.5,-20.0,20.0,34.3,21.34,74.7,-25.2,0.768,0.233,0.294,19.3,412.9,32.5,45.0,False,Cq 0.77
90.0,72.0,0.5,-20.0,40.0,34.3,15.01,74.7,-25.2,0.768,0.343,0.366,26.1,391.4,32.5,45.0,False,Cq 0.77
90.0,72.0,0.5,-20.0,60.0,34.3,12.53,74.7,-25.2,0.768,0.381,0.427,29.5,370.0,32.5,45.0,False,Cq 0.77
90.0,72.0,0.5,0.0,20.0,34.3,94.89,74.7,-25.2,0.768,0.139,0.165,11.3,1070.7,32.5,45.0,False,Cq 0.77;MR range;F_shock 1071
90.0,72.0,0.5,0.0,40.0,34.3,35.86,74.7,-25.2,0.768,0.226,0.288,18.9,679.4,32.5,45.0,False,Cq 0.77
90.0,72.0,0.5,0.0,60.0,34.3,22.96,74.7,-25.2,0.768,0.283,0.365,23.8,546.8,32.5,45.0,False,Cq 0.77
90.0,72.0,0.7,-40.0,20.0,34.3,7.61,74.7,-25.2,0.768,0.3,0.491,29.6,224.9,32.5,45.0,False,Cq 0.77
90.0,72.0,0.7,-40.0,40.0,34.3,6.3,74.7,-25.2,0.768,0.491,0.54,37.6,236.5,32.5,45.0,False,Cq 0.77
90.0,72.0,0.7,-40.0,60.0,34.3,5.64,74.7,-25.2,0.768,0.551,0.583,41.8,235.9,32.5,45.0,False,Cq 0.77;stroke 42
90.0,72.0,0.7,-20.0,20.0,34.3,19.7,74.7,-25.2,0.768,0.216,0.305,19.2,378.1,32.5,45.0,False,Cq 0.77
90.0,72.0,0.7,-20.0,40.0,34.3,11.99,74.7,-25.2,0.768,0.378,0.392,28.5,341.4,32.5,45.0,False,Cq 0.77
90.0,72.0,0.7,-20.0,60.0,34.3,9.12,74.7,-25.2,0.768,0.447,0.496,34.5,314.4,32.5,45.0,False,Cq 0.77
90.0,72.0,0.7,0.0,20.0,34.3,83.73,74.7,-25.2,0.768,0.148,0.169,11.8,988.6,32.5,45.0,False,Cq 0.77;MR range;F_shock 989
90.0,72.0,0.7,0.0,40.0,34.3,28.47,74.7,-25.2,0.768,0.254,0.314,21.0,597.3,32.5,45.0,False,Cq 0.77
90.0,72.0,0.7,0.0,60.0,34.3,16.84,74.7,-25.2,0.768,0.33,0.422,27.7,466.5,32.5,45.0,False,Cq 0.77
90.0,72.0,0.9,-40.0,20.0,34.3,7.45,74.7,-25.2,0.768,0.26,0.497,28.1,209.4,32.5,45.0,False,Cq 0.77
90.0,72.0,0.9,-40.0,40.0,34.3,5.55,74.7,-25.2,0.768,0.475,0.576,38.6,213.9,32.5,45.0,False,Cq 0.77
90.0,72.0,0.9,-40.0,60.0,34.3,4.63,74.7,-25.2,0.768,0.602,0.63,45.5,210.6,32.5,45.0,False,Cq 0.77;stroke 45
90.0,72.0,0.9,-20.0,20.0,34.3,19.11,74.7,-25.2,0.768,0.206,0.31,18.9,361.9,32.5,45.0,False,Cq 0.77
90.0,72.0,0.9,-20.0,40.0,34.3,10.64,74.7,-25.2,0.768,0.388,0.416,29.5,314.1,32.5,45.0,False,Cq 0.77
90.0,72.0,0.9,-20.0,60.0,34.3,7.58,74.7,-25.2,0.768,0.488,0.527,37.3,283.0,32.5,45.0,False,Cq 0.77
90.0,72.0,0.9,0.0,20.0,34.3,78.04,74.7,-25.2,0.768,0.153,0.171,12.1,943.4,32.5,45.0,False,Cq 0.77;F_shock 943
90.0,72.0,0.9,0.0,40.0,34.3,24.89,74.7,-25.2,0.768,0.272,0.326,22.2,551.4,32.5,45.0,False,Cq 0.77
90.0,72.0,0.9,0.0,60.0,34.3,13.96,74.7,-25.2,0.768,0.363,0.455,30.2,421.1,32.5,45.0,False,Cq 0.77
90.0,90.0,0.5,-40.0,20.0,34.3,8.22,78.9,-36.8,0.834,0.339,0.46,30.6,251.1,32.5,45.0,False,Cq 0.83;shock min len
90.0,90.0,0.5,-40.0,40.0,34.3,7.89,78.9,-36.8,0.834,0.42,0.47,33.9,267.7,32.5,45.0,False,Cq 0.83
90.0,90.0,0.5,-40.0,60.0,34.3,7.69,78.9,-36.8,0.834,0.443,0.476,35.5,273.3,32.5,45.0,False,Cq 0.83
90.0,90.0,0.5,-20.0,20.0,34.3,21.1,78.9,-36.8,0.834,0.216,0.287,19.3,407.0,32.5,45.0,False,Cq 0.83
90.0,90.0,0.5,-20.0,40.0,34.3,15.18,78.9,-36.8,0.834,0.321,0.339,25.7,390.0,32.5,45.0,False,Cq 0.83
90.0,90.0,0.5,-20.0,60.0,34.3,12.67,78.9,-36.8,0.834,0.364,0.393,29.3,371.6,32.5,45.0,False,Cq 0.83
90.0,90.0,0.5,0.0,20.0,34.3,108.78,78.9,-36.8,0.834,0.126,0.146,10.7,1164.6,32.5,45.0,False,Cq 0.83;MR range;F_shock 1165
90.0,90.0,0.5,0.0,40.0,34.3,40.25,78.9,-36.8,0.834,0.208,0.256,18.1,729.1,32.5,45.0,False,Cq 0.83
90.0,90.0,0.5,0.0,60.0,34.3,25.24,78.9,-36.8,0.834,0.263,0.329,23.0,581.6,32.5,45.0,False,Cq 0.83
90.0,90.0,0.7,-40.0,20.0,34.3,7.32,78.9,-36.8,0.834,0.293,0.488,30.0,219.7,32.5,45.0,False,Cq 0.83
90.0,90.0,0.7,-40.0,40.0,34.3,6.18,78.9,-36.8,0.834,0.446,0.531,37.3,230.5,32.5,45.0,False,Cq 0.83
90.0,90.0,0.7,-40.0,60.0,34.3,5.56,78.9,-36.8,0.834,0.519,0.559,41.6,231.7,32.5,45.0,False,Cq 0.83;stroke 42
90.0,90.0,0.7,-20.0,20.0,34.3,19.4,78.9,-36.8,0.834,0.205,0.3,19.3,374.9,32.5,45.0,False,Cq 0.83
90.0,90.0,0.7,-20.0,40.0,34.3,12.29,78.9,-36.8,0.834,0.348,0.376,27.9,342.9,32.5,45.0,False,Cq 0.83
90.0,90.0,0.7,-20.0,60.0,34.3,9.42,78.9,-36.8,0.834,0.42,0.448,33.8,318.1,32.5,45.0,False,Cq 0.83
90.0,90.0,0.7,0.0,20.0,34.3,96.42,78.9,-36.8,0.834,0.134,0.151,11.2,1080.3,32.5,45.0,False,Cq 0.83;MR range;F_shock 1080
90.0,90.0,0.7,0.0,40.0,34.3,32.36,78.9,-36.8,0.834,0.232,0.278,19.9,645.5,32.5,45.0,False,Cq 0.83
90.0,90.0,0.7,0.0,60.0,34.3,18.84,78.9,-36.8,0.834,0.304,0.376,26.5,499.9,32.5,45.0,False,Cq 0.83
90.0,90.0,0.9,-40.0,20.0,34.3,7.09,78.9,-36.8,0.834,0.265,0.495,29.1,206.1,32.5,45.0,False,Cq 0.83
90.0,90.0,0.9,-40.0,40.0,34.3,5.48,78.9,-36.8,0.834,0.438,0.564,38.4,210.2,32.5,45.0,False,Cq 0.83
90.0,90.0,0.9,-40.0,60.0,34.3,4.63,78.9,-36.8,0.834,0.558,0.613,44.9,208.1,32.5,45.0,False,Cq 0.83;stroke 45
90.0,90.0,0.9,-20.0,20.0,34.3,18.7,78.9,-36.8,0.834,0.198,0.305,19.2,359.3,32.5,45.0,False,Cq 0.83
90.0,90.0,0.9,-20.0,40.0,34.3,10.96,78.9,-36.8,0.834,0.353,0.399,28.9,317.2,32.5,45.0,False,Cq 0.83
90.0,90.0,0.9,-20.0,60.0,34.3,7.92,78.9,-36.8,0.834,0.455,0.474,36.3,288.0,32.5,45.0,False,Cq 0.83
90.0,90.0,0.9,0.0,20.0,34.3,90.05,78.9,-36.8,0.834,0.139,0.153,11.5,1033.7,32.5,45.0,False,Cq 0.83;MR range;F_shock 1034
90.0,90.0,0.9,0.0,40.0,34.3,28.47,78.9,-36.8,0.834,0.247,0.289,21.0,598.7,32.5,45.0,False,Cq 0.83
90.0,90.0,0.9,0.0,60.0,34.3,15.78,78.9,-36.8,0.834,0.332,0.403,28.7,453.7,32.5,45.0,False,Cq 0.83
90.0,108.0,0.5,-40.0,20.0,34.3,7.86,83.1,-48.4,0.881,0.312,0.458,30.5,240.1,32.5,45.0,True,
90.0,108.0,0.5,-40.0,40.0,34.3,7.56,83.1,-48.4,0.881,0.393,0.467,34.1,258.0,32.5,45.0,True,
90.0,108.0,0.5,-40.0,60.0,34.3,7.38,83.1,-48.4,0.881,0.423,0.473,36.0,265.7,32.5,45.0,True,
90.0,108.0,0.5,-20.0,20.0,34.3,20.83,83.1,-48.4,0.881,0.2,0.282,19.2,399.7,32.5,45.0,True,
90.0,108.0,0.5,-20.0,40.0,34.3,15.27,83.1,-48.4,0.881,0.3,0.329,25.4,387.3,32.5,45.0,True,
90.0,108.0,0.5,-20.0,60.0,34.3,12.76,83.1,-48.4,0.881,0.345,0.363,29.1,371.9,32.5,45.0,True,
90.0,108.0,0.5,0.0,20.0,34.3,123.94,83.1,-48.4,0.881,0.115,0.131,10.2,1263.9,32.5,45.0,False,MR range;F_shock 1264
90.0,108.0,0.5,0.0,40.0,34.3,44.87,83.1,-48.4,0.881,0.192,0.23,17.4,780.9,32.5,45.0,True,
90.0,108.0,0.5,0.0,60.0,34.3,27.58,83.1,-48.4,0.881,0.245,0.299,22.4,617.5,32.5,45.0,True,
90.0,108.0,0.7,-40.0,20.0,34.3,7.05,83.1,-48.4,0.881,0.28,0.484,30.3,213.4,32.5,45.0,True,
90.0,108.0,0.7,-40.0,40.0,34.3,6.05,83.1,-48.4,0.881,0.409,0.523,37.1,224.2,32.5,45.0,True,
90.0,108.0,0.7,-40.0,60.0,34.3,5.47,83.1,-48.4,0.881,0.486,0.55,41.5,226.9,32.5,45.0,False,stroke 41
90.0,108.0,0.7,-20.0,20.0,34.3,19.14,83.1,-48.4,0.881,0.193,0.294,19.3,370.3,32.5,45.0,True,
90.0,108.0,0.7,-20.0,40.0,34.3,12.52,83.1,-48.4,0.881,0.318,0.363,27.4,343.2,32.5,45.0,True,
90.0,108.0,0.7,-20.0,60.0,34.3,9.67,83.1,-48.4,0.881,0.394,0.413,33.2,320.8,32.5,45.0,True,
90.0,108.0,0.7,0.0,20.0,34.3,110.51,83.1,-48.4,0.881,0.122,0.135,10.7,1178.0,32.5,45.0,False,MR range;F_shock 1178
90.0,108.0,0.7,0.0,40.0,34.3,36.53,83.1,-48.4,0.881,0.213,0.249,19.1,696.1,32.5,45.0,True,
90.0,108.0,0.7,0.0,60.0,34.3,20.94,83.1,-48.4,0.881,0.281,0.339,25.5,534.6,32.5,45.0,True,
90.0,108.0,0.9,-40.0,20.0,34.3,6.8,83.1,-48.4,0.881,0.259,0.493,29.6,201.3,32.5,45.0,True,
90.0,108.0,0.9,-40.0,40.0,34.3,5.4,83.1,-48.4,0.881,0.404,0.553,38.1,206.0,32.5,45.0,True,
90.0,108.0,0.9,-40.0,60.0,34.3,4.62,83.1,-48.4,0.881,0.512,0.598,44.4,205.0,32.5,45.0,False,stroke 44
90.0,108.0,0.9,-20.0,20.0,34.3,18.39,83.1,-48.4,0.881,0.188,0.3,19.3,355.5,32.5,45.0,True,
90.0,108.0,0.9,-20.0,40.0,34.3,11.23,83.1,-48.4,0.881,0.322,0.384,28.4,319.0,32.5,45.0,True,
90.0,108.0,0.9,-20.0,60.0,34.3,8.22,83.1,-48.4,0.881,0.422,0.448,35.5,292.0,32.5,45.0,True,
90.0,108.0,0.9,0.0,20.0,34.3,103.51,83.1,-48.4,0.881,0.126,0.137,10.9,1130.3,32.5,45.0,False,MR range;F_shock 1130
90.0,108.0,0.9,0.0,40.0,34.3,32.36,83.1,-48.4,0.881,0.226,0.258,20.0,648.6,32.5,45.0,True,
90.0,108.0,0.9,0.0,60.0,34.3,17.72,83.1,-48.4,0.881,0.305,0.362,27.5,487.7,32.5,45.0,True,
110.0,44.0,0.5,-40.0,20.0,34.3,10.41,81.0,-2.5,0.55,0.21,0.404,28.3,294.1,32.5,45.0,False,Cq 0.55;shock min len
110.0,44.0,0.5,-40.0,40.0,34.3,8.8,81.0,-2.5,0.55,0.438,0.498,36.8,324.1,32.5,45.0,False,Cq 0.55;shock min len
110.0,44.0,0.5,-40.0,60.0,34.3,8.16,81.0,-2.5,0.55,0.456,0.525,38.8,316.5,32.5,45.0,False,Cq 0.55
110.0,44.0,0.5,-20.0,20.0,34.3,25.86,81.0,-2.5,0.55,0.185,0.256,18.4,474.9,32.5,45.0,False,Cq 0.55;shock min len
110.0,44.0,0.5,-20.0,40.0,34.3,14.92,81.0,-2.5,0.55,0.337,0.396,29.0,433.2,32.5,45.0,False,Cq 0.55
110.0,44.0,0.5,-20.0,60.0,34.3,11.66,81.0,-2.5,0.55,0.381,0.485,34.0,396.9,32.5,45.0,False,Cq 0.55
110.0,44.0,0.5,0.0,20.0,34.3,81.2,81.0,-2.5,0.55,0.145,0.178,12.9,1048.2,32.5,45.0,False,Cq 0.55;MR range;F_shock 1048
110.0,44.0,0.5,0.0,40.0,34.3,29.12,81.0,-2.5,0.55,0.241,0.332,22.6,659.2,32.5,45.0,False,Cq 0.55
110.0,44.0,0.5,0.0,60.0,34.3,18.37,81.0,-2.5,0.55,0.304,0.429,28.8,529.2,32.5,45.0,False,Cq 0.55
110.0,44.0,0.7,-40.0,20.0,34.3,10.55,81.0,-2.5,0.55,0.122,0.401,23.6,249.0,32.5,45.0,False,Cq 0.55;MR range;shock min len
110.0,44.0,0.7,-40.0,40.0,34.3,7.04,81.0,-2.5,0.55,0.455,0.491,38.6,271.9,32.5,45.0,False,Cq 0.55
110.0,44.0,0.7,-40.0,60.0,34.3,5.76,81.0,-2.5,0.55,0.543,0.635,46.4,267.3,32.5,45.0,False,Cq 0.55;stroke 46
110.0,44.0,0.7,-20.0,20.0,34.3,25.73,81.0,-2.5,0.55,0.159,0.257,17.3,444.4,32.5,45.0,False,Cq 0.55
110.0,44.0,0.7,-20.0,40.0,34.3,12.41,81.0,-2.5,0.55,0.369,0.387,30.4,377.7,32.5,45.0,False,Cq 0.55
110.0,44.0,0.7,-20.0,60.0,34.3,8.6,81.0,-2.5,0.55,0.444,0.55,39.3,337.6,32.5,45.0,False,Cq 0.55
110.0,44.0,0.7,0.0,20.0,34.3,73.61,81.0,-2.5,0.55,0.152,0.177,13.2,974.9,32.5,45.0,False,Cq 0.55;F_shock 975
110.0,44.0,0.7,0.0,40.0,34.3,23.66,81.0,-2.5,0.55,0.268,0.35,24.6,581.3,32.5,45.0,False,Cq 0.55
110.0,44.0,0.7,0.0,60.0,34.3,13.62,81.0,-2.5,0.55,0.353,0.489,33.2,452.4,32.5,45.0,False,Cq 0.55
110.0,44.0,0.9,-40.0,20.0,34.3,11.36,81.0,-2.5,0.55,0.098,0.386,21.1,240.2,32.5,45.0,False,Cq 0.55;MR range
110.0,44.0,0.9,-40.0,40.0,34.3,6.55,81.0,-2.5,0.55,0.392,0.509,37.4,245.2,32.5,45.0,False,Cq 0.55
110.0,44.0,0.9,-40.0,60.0,34.3,4.86,81.0,-2.5,0.55,0.59,0.631,48.9,237.5,32.5,45.0,False,Cq 0.55;stroke 49
110.0,44.0,0.9,-20.0,20.0,34.3,26.15,81.0,-2.5,0.55,0.147,0.255,16.6,433.7,32.5,45.0,False,Cq 0.55;MR range
110.0,44.0,0.9,-20.0,40.0,34.3,11.43,81.0,-2.5,0.55,0.369,0.385,30.6,349.4,32.5,45.0,False,Cq 0.55
110.0,44.0,0.9,-20.0,60.0,34.3,7.32,81.0,-2.5,0.55,0.481,0.562,41.6,304.1,32.5,45.0,False,Cq 0.55;stroke 42
110.0,44.0,0.9,0.0,20.0,34.3,69.88,81.0,-2.5,0.55,0.156,0.176,13.4,935.9,32.5,45.0,False,Cq 0.55;F_shock 936
110.0,44.0,0.9,0.0,40.0,34.3,21.11,81.0,-2.5,0.55,0.283,0.355,25.5,538.7,32.5,45.0,False,Cq 0.55
110.0,44.0,0.9,0.0,60.0,34.3,11.47,81.0,-2.5,0.55,0.385,0.516,35.7,409.1,32.5,45.0,False,Cq 0.55
110.0,66.0,0.5,-40.0,20.0,34.3,9.99,86.1,-16.7,0.676,0.269,0.399,29.7,297.0,32.5,45.0,False,Cq 0.68;shock min len
110.0,66.0,0.5,-40.0,40.0,34.3,8.65,86.1,-16.7,0.676,0.418,0.443,36.6,316.2,32.5,45.0,False,Cq 0.68;shock min len
110.0,66.0,0.5,-40.0,60.0,34.3,8.02,86.1,-16.7,0.676,0.442,0.487,39.1,313.5,32.5,45.0,False,Cq 0.68
110.0,66.0,0.5,-20.0,20.0,34.3,25.12,86.1,-16.7,0.676,0.189,0.252,19.0,478.5,32.5,45.0,False,Cq 0.68
110.0,66.0,0.5,-20.0,40.0,34.3,15.46,86.1,-16.7,0.676,0.32,0.35,28.3,437.2,32.5,45.0,False,Cq 0.68
110.0,66.0,0.5,-20.0,60.0,34.3,12.15,86.1,-16.7,0.676,0.362,0.43,33.3,403.9,32.5,45.0,False,Cq 0.68
110.0,66.0,0.5,0.0,20.0,34.3,93.01,86.1,-16.7,0.676,0.131,0.156,12.3,1140.6,32.5,45.0,False,Cq 0.68;MR range;F_shock 1141
110.0,66.0,0.5,0.0,40.0,34.3,33.3,86.1,-16.7,0.676,0.219,0.285,21.3,710.6,32.5,45.0,False,Cq 0.68
110.0,66.0,0.5,0.0,60.0,34.3,20.68,86.1,-16.7,0.676,0.278,0.372,27.4,566.4,32.5,45.0,False,Cq 0.68
110.0,66.0,0.7,-40.0,20.0,34.3,9.67,86.1,-16.7,0.676,0.195,0.406,26.8,259.0,32.5,45.0,False,Cq 0.68
110.0,66.0,0.7,-40.0,40.0,34.3,6.99,86.1,-16.7,0.676,0.427,0.478,38.7,270.2,32.5,45.0,False,Cq 0.68
110.0,66.0,0.7,-40.0,60.0,34.3,5.83,86.1,-16.7,0.676,0.517,0.561,45.6,265.7,32.5,45.0,False,Cq 0.68;stroke 46
110.0,66.0,0.7,-20.0,20.0,34.3,24.25,86.1,-16.7,0.676,0.171,0.256,18.4,446.7,32.5,45.0,False,Cq 0.68
110.0,66.0,0.7,-20.0,40.0,34.3,12.85,86.1,-16.7,0.676,0.345,0.352,29.9,384.7,32.5,45.0,False,Cq 0.68
110.0,66.0,0.7,-20.0,60.0,34.3,9.12,86.1,-16.7,0.676,0.418,0.481,37.9,345.8,32.5,45.0,False,Cq 0.68
110.0,66.0,0.7,0.0,20.0,34.3,83.87,86.1,-16.7,0.676,0.138,0.158,12.7,1062.4,32.5,45.0,False,Cq 0.68;MR range;F_shock 1062
110.0,66.0,0.7,0.0,40.0,34.3,27.17,86.1,-16.7,0.676,0.242,0.303,23.2,630.2,32.5,45.0,False,Cq 0.68
110.0,66.0,0.7,0.0,60.0,34.3,15.55,86.1,-16.7,0.676,0.32,0.421,31.3,487.1,32.5,45.0,False,Cq 0.68
110.0,66.0,0.9,-40.0,20.0,34.3,9.95,86.1,-16.7,0.676,0.166,0.4,24.9,247.5,32.5,45.0,False,Cq 0.68
110.0,66.0,0.9,-40.0,40.0,34.3,6.42,86.1,-16.7,0.676,0.392,0.498,38.4,246.6,32.5,45.0,False,Cq 0.68
110.0,66.0,0.9,-40.0,60.0,34.3,4.95,86.1,-16.7,0.676,0.554,0.568,48.1,238.2,32.5,45.0,False,Cq 0.68;stroke 48
110.0,66.0,0.9,-20.0,20.0,34.3,24.11,86.1,-16.7,0.676,0.161,0.257,18.0,433.3,32.5,45.0,False,Cq 0.68
110.0,66.0,0.9,-20.0,40.0,34.3,11.73,86.1,-16.7,0.676,0.343,0.369,30.4,357.2,32.5,45.0,False,Cq 0.68
110.0,66.0,0.9,-20.0,60.0,34.3,7.78,86.1,-16.7,0.676,0.452,0.497,40.2,313.2,32.5,45.0,False,Cq 0.68;stroke 40
110.0,66.0,0.9,0.0,20.0,34.3,79.25,86.1,-16.7,0.676,0.142,0.158,12.9,1020.0,32.5,45.0,False,Cq 0.68;MR range;F_shock 1020
110.0,66.0,0.9,0.0,40.0,34.3,24.21,86.1,-16.7,0.676,0.257,0.31,24.2,585.7,32.5,45.0,False,Cq 0.68
110.0,66.0,0.9,0.0,60.0,34.3,13.15,86.1,-16.7,0.676,0.348,0.445,33.6,442.5,32.5,45.0,False,Cq 0.68
110.0,88.0,0.5,-40.0,20.0,34.3,9.62,91.3,-30.8,0.768,0.268,0.396,30.2,290.5,32.5,45.0,False,Cq 0.77;shock min len
110.0,88.0,0.5,-40.0,40.0,34.3,8.45,91.3,-30.8,0.768,0.392,0.422,36.4,307.5,32.5,45.0,False,Cq 0.77
110.0,88.0,0.5,-40.0,60.0,34.3,7.85,91.3,-30.8,0.768,0.423,0.449,39.3,308.3,32.5,45.0,False,Cq 0.77
110.0,88.0,0.5,-20.0,20.0,34.3,24.71,91.3,-30.8,0.768,0.182,0.247,19.3,476.7,32.5,45.0,False,Cq 0.77
110.0,88.0,0.5,-20.0,40.0,34.3,15.89,91.3,-30.8,0.768,0.299,0.312,27.7,439.4,32.5,45.0,False,Cq 0.77
110.0,88.0,0.5,-20.0,60.0,34.3,12.54,91.3,-30.8,0.768,0.345,0.386,32.6,409.2,32.5,45.0,False,Cq 0.77
110.0,88.0,0.5,0.0,20.0,34.3,107.13,91.3,-30.8,0.768,0.119,0.137,11.6,1244.6,32.5,45.0,False,Cq 0.77;MR range;F_shock 1245
110.0,88.0,0.5,0.0,40.0,34.3,37.91,91.3,-30.8,0.768,0.199,0.249,20.2,766.7,32.5,45.0,False,Cq 0.77
110.0,88.0,0.5,0.0,60.0,34.3,23.14,91.3,-30.8,0.768,0.255,0.328,26.2,606.1,32.5,45.0,False,Cq 0.77
110.0,88.0,0.7,-40.0,20.0,34.3,9.11,91.3,-30.8,0.768,0.218,0.406,28.4,258.9,32.5,45.0,False,Cq 0.77
110.0,88.0,0.7,-40.0,40.0,34.3,6.92,91.3,-30.8,0.768,0.393,0.466,38.5,266.4,32.5,45.0,False,Cq 0.77
110.0,88.0,0.7,-40.0,60.0,34.3,5.86,91.3,-30.8,0.768,0.485,0.507,44.9,263.0,32.5,45.0,False,Cq 0.77;stroke 45
110.0,88.0,0.7,-20.0,20.0,34.3,23.47,91.3,-30.8,0.768,0.17,0.253,19.0,445.7,32.5,45.0,False,Cq 0.77
110.0,88.0,0.7,-20.0,40.0,34.3,13.29,91.3,-30.8,0.768,0.317,0.336,29.3,389.9,32.5,45.0,False,Cq 0.77
110.0,88.0,0.7,-20.0,60.0,34.3,9.59,91.3,-30.8,0.768,0.393,0.427,36.8,352.9,32.5,45.0,False,Cq 0.77
110.0,88.0,0.7,0.0,20.0,34.3,96.61,91.3,-30.8,0.768,0.125,0.14,12.0,1163.0,32.5,45.0,False,Cq 0.77;MR range;F_shock 1163
110.0,88.0,0.7,0.0,40.0,34.3,31.18,91.3,-30.8,0.768,0.22,0.265,21.9,684.2,32.5,45.0,False,Cq 0.77
110.0,88.0,0.7,0.0,60.0,34.3,17.67,91.3,-30.8,0.768,0.292,0.368,29.7,524.8,32.5,45.0,False,Cq 0.77
110.0,88.0,0.9,-40.0,20.0,34.3,9.15,91.3,-30.8,0.768,0.194,0.405,27.0,247.2,32.5,45.0,False,Cq 0.77
110.0,88.0,0.9,-40.0,40.0,34.3,6.34,91.3,-30.8,0.768,0.373,0.487,38.7,245.1,32.5,45.0,False,Cq 0.77
110.0,88.0,0.9,-40.0,60.0,34.3,5.02,91.3,-30.8,0.768,0.511,0.548,47.4,237.6,32.5,45.0,False,Cq 0.77;stroke 47
110.0,88.0,0.9,-20.0,20.0,34.3,23.05,91.3,-30.8,0.768,0.163,0.255,18.7,431.3,32.5,45.0,False,Cq 0.77
110.0,88.0,0.9,-20.0,40.0,34.3,12.11,91.3,-30.8,0.768,0.315,0.352,30.0,363.5,32.5,45.0,False,Cq 0.77
110.0,88.0,0.9,-20.0,60.0,34.3,8.24,91.3,-30.8,0.768,0.421,0.443,39.0,321.5,32.5,45.0,False,Cq 0.77
110.0,88.0,0.9,0.0,20.0,34.3,91.2,91.3,-30.8,0.768,0.128,0.141,12.3,1118.3,32.5,45.0,False,Cq 0.77;MR range;F_shock 1118
110.0,88.0,0.9,0.0,40.0,34.3,27.87,91.3,-30.8,0.768,0.232,0.273,22.9,638.3,32.5,45.0,False,Cq 0.77
110.0,88.0,0.9,0.0,60.0,34.3,15.05,91.3,-30.8,0.768,0.316,0.389,31.8,479.1,32.5,45.0,False,Cq 0.77
110.0,110.0,0.5,-40.0,20.0,34.3,9.26,96.4,-45.0,0.834,0.255,0.392,30.4,281.6,32.5,45.0,False,Cq 0.83
110.0,110.0,0.5,-40.0,40.0,34.3,8.23,96.4,-45.0,0.834,0.363,0.416,36.2,298.3,32.5,45.0,False,Cq 0.83
110.0,110.0,0.5,-40.0,60.0,34.3,7.66,96.4,-45.0,0.834,0.402,0.431,39.4,301.8,32.5,45.0,False,Cq 0.83
110.0,110.0,0.5,-20.0,20.0,34.3,24.39,96.4,-45.0,0.834,0.171,0.242,19.3,471.8,32.5,45.0,False,Cq 0.83
110.0,110.0,0.5,-20.0,40.0,34.3,16.22,96.4,-45.0,0.834,0.278,0.296,27.1,440.0,32.5,45.0,False,Cq 0.83
110.0,110.0,0.5,-20.0,60.0,34.3,12.86,96.4,-45.0,0.834,0.326,0.35,32.1,412.8,32.5,45.0,False,Cq 0.83
110.0,110.0,0.5,0.0,20.0,34.3,123.18,96.4,-45.0,0.834,0.108,0.122,11.0,1357.8,32.5,45.0,False,Cq 0.83;MR range;F_shock 1358
110.0,110.0,0.5,0.0,40.0,34.3,42.9,96.4,-45.0,0.834,0.182,0.221,19.3,826.3,32.5,45.0,False,Cq 0.83;F_shock 826
110.0,110.0,0.5,0.0,60.0,34.3,25.71,96.4,-45.0,0.834,0.235,0.293,25.2,647.5,32.5,45.0,False,Cq 0.83
110.0,110.0,0.7,-40.0,20.0,34.3,8.7,96.4,-45.0,0.834,0.221,0.405,29.3,254.6,32.5,45.0,False,Cq 0.83
110.0,110.0,0.7,-40.0,40.0,34.3,6.84,96.4,-45.0,0.834,0.36,0.456,38.2,261.3,32.5,45.0,False,Cq 0.83
110.0,110.0,0.7,-40.0,60.0,34.3,5.85,96.4,-45.0,0.834,0.451,0.493,44.3,259.5,32.5,45.0,False,Cq 0.83;stroke 44
110.0,110.0,0.7,-20.0,20.0,34.3,22.99,96.4,-45.0,0.834,0.163,0.249,19.2,442.4,32.5,45.0,False,Cq 0.83
110.0,110.0,0.7,-20.0,40.0,34.3,13.67,96.4,-45.0,0.834,0.288,0.323,28.8,393.3,32.5,45.0,False,Cq 0.83
110.0,110.0,0.7,-20.0,60.0,34.3,10.0,96.4,-45.0,0.834,0.367,0.384,35.9,358.7,32.5,45.0,False,Cq 0.83
110.0,110.0,0.7,0.0,20.0,34.3,111.44,96.4,-45.0,0.834,0.113,0.125,11.4,1273.7,32.5,45.0,False,Cq 0.83;MR range;F_shock 1274
110.0,110.0,0.7,0.0,40.0,34.3,35.63,96.4,-45.0,0.834,0.2,0.235,20.8,742.2,32.5,45.0,False,Cq 0.83
110.0,110.0,0.7,0.0,60.0,34.3,19.94,96.4,-45.0,0.834,0.267,0.326,28.3,564.8,32.5,45.0,False,Cq 0.83
110.0,110.0,0.9,-40.0,20.0,34.3,8.62,96.4,-45.0,0.834,0.202,0.407,28.3,243.5,32.5,45.0,False,Cq 0.83
110.0,110.0,0.9,-40.0,40.0,34.3,6.26,96.4,-45.0,0.834,0.348,0.477,38.7,242.2,32.5,45.0,False,Cq 0.83
110.0,110.0,0.9,-40.0,60.0,34.3,5.06,96.4,-45.0,0.834,0.465,0.531,46.7,236.0,32.5,45.0,False,Cq 0.83;stroke 47
110.0,110.0,0.9,-20.0,20.0,34.3,22.42,96.4,-45.0,0.834,0.158,0.252,19.1,428.1,32.5,45.0,False,Cq 0.83
110.0,110.0,0.9,-20.0,40.0,34.3,12.48,96.4,-45.0,0.834,0.288,0.338,29.5,368.3,32.5,45.0,False,Cq 0.83
110.0,110.0,0.9,-20.0,60.0,34.3,8.66,96.4,-45.0,0.834,0.39,0.406,37.9,328.6,32.5,45.0,False,Cq 0.83
110.0,110.0,0.9,0.0,20.0,34.3,105.32,96.4,-45.0,0.834,0.116,0.126,11.7,1227.3,32.5,45.0,False,Cq 0.83;MR range;F_shock 1227
110.0,110.0,0.9,0.0,40.0,34.3,32.0,96.4,-45.0,0.834,0.211,0.242,21.7,695.3,32.5,45.0,False,Cq 0.83
110.0,110.0,0.9,0.0,60.0,34.3,17.13,96.4,-45.0,0.834,0.288,0.344,30.2,518.2,32.5,45.0,False,Cq 0.83
110.0,132.0,0.5,-40.0,20.0,34.3,8.91,101.6,-59.1,0.881,0.239,0.389,30.5,271.9,32.5,45.0,True,
110.0,132.0,0.5,-40.0,40.0,34.3,8.0,101.6,-59.1,0.881,0.333,0.411,36.1,289.0,32.5,45.0,True,
110.0,132.0,0.5,-40.0,60.0,34.3,7.46,101.6,-59.1,0.881,0.379,0.426,39.5,294.7,32.5,45.0,True,
110.0,132.0,0.5,-20.0,20.0,34.3,24.08,101.6,-59.1,0.881,0.16,0.237,19.3,465.2,32.5,45.0,True,
110.0,132.0,0.5,-20.0,40.0,34.3,16.45,101.6,-59.1,0.881,0.256,0.287,26.7,439.0,32.5,45.0,True,
110.0,132.0,0.5,-20.0,60.0,34.3,13.11,101.6,-59.1,0.881,0.307,0.321,31.7,414.9,32.5,45.0,True,
110.0,132.0,0.5,0.0,20.0,34.3,140.88,101.6,-59.1,0.881,0.098,0.109,10.5,1478.0,32.5,45.0,False,MR range;F_shock 1478
110.0,132.0,0.5,0.0,40.0,34.3,48.2,101.6,-59.1,0.881,0.167,0.198,18.4,888.7,32.5,45.0,False,F_shock 889
110.0,132.0,0.5,0.0,60.0,34.3,28.39,101.6,-59.1,0.881,0.218,0.265,24.3,690.5,32.5,45.0,True,
110.0,132.0,0.7,-40.0,20.0,34.3,8.36,101.6,-59.1,0.881,0.215,0.402,29.7,248.5,32.5,45.0,True,
110.0,132.0,0.7,-40.0,40.0,34.3,6.73,101.6,-59.1,0.881,0.332,0.448,38.0,255.7,32.5,45.0,True,
110.0,132.0,0.7,-40.0,60.0,34.3,5.82,101.6,-59.1,0.881,0.416,0.482,43.9,255.4,32.5,45.0,False,stroke 44
110.0,132.0,0.7,-20.0,20.0,34.3,22.63,101.6,-59.1,0.881,0.155,0.244,19.3,437.6,32.5,45.0,True,
110.0,132.0,0.7,-20.0,40.0,34.3,14.0,101.6,-59.1,0.881,0.263,0.311,28.2,395.3,32.5,45.0,True,
110.0,132.0,0.7,-20.0,60.0,34.3,10.35,101.6,-59.1,0.881,0.341,0.361,35.1,363.3,32.5,45.0,True,
110.0,132.0,0.7,0.0,20.0,34.3,128.04,101.6,-59.1,0.881,0.103,0.112,10.9,1392.1,32.5,45.0,False,MR range;F_shock 1392
110.0,132.0,0.7,0.0,40.0,34.3,40.45,101.6,-59.1,0.881,0.183,0.21,19.9,803.3,32.5,45.0,False,F_shock 803
110.0,132.0,0.7,0.0,60.0,34.3,22.34,101.6,-59.1,0.881,0.246,0.292,27.1,606.6,32.5,45.0,True,
110.0,132.0,0.9,-40.0,20.0,34.3,8.21,101.6,-59.1,0.881,0.201,0.406,29.0,238.3,32.5,45.0,True,
110.0,132.0,0.9,-40.0,40.0,34.3,6.19,101.6,-59.1,0.881,0.325,0.468,38.5,238.3,32.5,45.0,True,
110.0,132.0,0.9,-40.0,60.0,34.3,5.07,101.6,-59.1,0.881,0.425,0.516,46.1,233.7,32.5,45.0,False,stroke 46
110.0,132.0,0.9,-20.0,20.0,34.3,21.99,101.6,-59.1,0.881,0.151,0.248,19.3,423.8,32.5,45.0,True,
110.0,132.0,0.9,-20.0,40.0,34.3,12.82,101.6,-59.1,0.881,0.264,0.325,29.0,371.6,32.5,45.0,True,
110.0,132.0,0.9,-20.0,60.0,34.3,9.04,101.6,-59.1,0.881,0.359,0.387,37.0,334.5,32.5,45.0,True,
110.0,132.0,0.9,0.0,20.0,34.3,121.28,101.6,-59.1,0.881,0.106,0.113,11.1,1344.5,32.5,45.0,False,MR range;F_shock 1345
110.0,132.0,0.9,0.0,40.0,34.3,36.53,101.6,-59.1,0.881,0.192,0.216,20.7,755.7,32.5,45.0,True,
110.0,132.0,0.9,0.0,60.0,34.3,19.37,101.6,-59.1,0.881,0.264,0.308,28.9,559.3,32.5,45.0,True,
